{
    "meeting": "71",
    "base_path": "./bulletins/71",
    "base_bulletin": {
        "file_name": "./bulletins/testPDF.pdf",
        "bulletin_number": {
            "number": "6391122-3690641-5274319/1-71",
            "bbox": {
                "left": 42.52,
                "top": 49.599,
                "right": 427.663,
                "bottom": 66.099
            }
        },
        "pages": {
            "page_1": {
                "bbox": {
                    "left": 0,
                    "top": 0,
                    "right": 595.28,
                    "bottom": 841.89
                },
                "markers": {
                    "marker_1": {
                        "number": "I3",
                        "bbox": {
                            "left": 42.52,
                            "top": 25.512,
                            "right": 50.02,
                            "bottom": 33.012
                        }
                    },
                    "marker_2": {
                        "number": "I4",
                        "bbox": {
                            "left": 545.26,
                            "top": 25.512,
                            "right": 552.76,
                            "bottom": 33.012
                        }
                    },
                    "marker_3": {
                        "number": "I4",
                        "bbox": {
                            "left": 42.52,
                            "top": 808.8785,
                            "right": 50.02,
                            "bottom": 816.3785
                        }
                    },
                    "marker_4": {
                        "number": "I4",
                        "bbox": {
                            "left": 545.26,
                            "top": 808.8785,
                            "right": 552.76,
                            "bottom": 816.3785
                        }
                    }
                },
                "question_lines": {
                    "line_1": {
                        "number": "1.1",
                        "bbox": {
                            "left": 50.485,
                            "top": 448.61,
                            "right": 535.108,
                            "bottom": 463.522
                        }
                    },
                    "line_2": {
                        "number": "2.1",
                        "bbox": {
                            "left": 50.485,
                            "top": 501.364,
                            "right": 535.108,
                            "bottom": 516.276
                        }
                    },
                    "line_3": {
                        "number": "3.",
                        "bbox": {
                            "left": 50.485,
                            "top": 541.888,
                            "right": 535.108,
                            "bottom": 556.8
                        }
                    },
                    "line_4": {
                        "number": "4.",
                        "bbox": {
                            "left": 50.485,
                            "top": 619.101,
                            "right": 535.108,
                            "bottom": 634.013
                        }
                    },
                    "line_5": {
                        "number": "5.",
                        "bbox": {
                            "left": 50.485,
                            "top": 684.084,
                            "right": 535.108,
                            "bottom": 698.996
                        }
                    }
                },
                "footer": {
                    "page_number": {
                        "number": "1",
                        "bbox": {
                            "left": 164.982,
                            "top": 804.0785,
                            "right": 191.5136,
                            "bottom": 815.0785
                        }
                    },
                    "bulletin_number": {
                        "number": "6391122-3690641-5274319/1-71",
                        "bbox": {
                            "left": 191.5136,
                            "top": 804.0785,
                            "right": 430.298,
                            "bottom": 815.0785
                        }
                    }
                }
            },
            "page_2": {
                "bbox": {
                    "left": 0,
                    "top": 0,
                    "right": 595.28,
                    "bottom": 841.89
                },
                "markers": {
                    "marker_1": {
                        "number": "I3",
                        "bbox": {
                            "left": 42.52,
                            "top": 25.512,
                            "right": 50.02,
                            "bottom": 33.012
                        }
                    },
                    "marker_2": {
                        "number": "I4",
                        "bbox": {
                            "left": 545.26,
                            "top": 25.512,
                            "right": 552.76,
                            "bottom": 33.012
                        }
                    },
                    "marker_3": {
                        "number": "I4",
                        "bbox": {
                            "left": 42.52,
                            "top": 808.8785,
                            "right": 50.02,
                            "bottom": 816.3785
                        }
                    },
                    "marker_4": {
                        "number": "I4",
                        "bbox": {
                            "left": 545.26,
                            "top": 808.8785,
                            "right": 552.76,
                            "bottom": 816.3785
                        }
                    }
                },
                "question_lines": {
                    "line_1": {
                        "number": "6.",
                        "bbox": {
                            "left": 50.4842,
                            "top": 45.673,
                            "right": 535.1098,
                            "bottom": 60.57
                        }
                    },
                    "line_2": {
                        "number": "7.",
                        "bbox": {
                            "left": 50.4842,
                            "top": 98.405,
                            "right": 535.1098,
                            "bottom": 113.316
                        }
                    },
                    "line_3": {
                        "number": "8.",
                        "bbox": {
                            "left": 50.4842,
                            "top": 163.388,
                            "right": 535.1098,
                            "bottom": 178.3
                        }
                    },
                    "line_4": {
                        "number": "9.",
                        "bbox": {
                            "left": 50.4842,
                            "top": 228.371,
                            "right": 535.1098,
                            "bottom": 243.283
                        }
                    },
                    "line_5": {
                        "number": "10.1",
                        "bbox": {
                            "left": 50.4842,
                            "top": 293.354,
                            "right": 535.1098,
                            "bottom": 308.266
                        }
                    },
                    "line_6": {
                        "number": "10.2",
                        "bbox": {
                            "left": 50.4842,
                            "top": 333.878,
                            "right": 535.1098,
                            "bottom": 348.79
                        }
                    },
                    "line_7": {
                        "number": "11.",
                        "bbox": {
                            "left": 50.4842,
                            "top": 374.402,
                            "right": 535.1098,
                            "bottom": 389.314
                        }
                    },
                    "line_8": {
                        "number": "12.1",
                        "bbox": {
                            "left": 50.4842,
                            "top": 488.304,
                            "right": 535.1098,
                            "bottom": 503.216
                        }
                    },
                    "line_9": {
                        "number": "12.2",
                        "bbox": {
                            "left": 50.4842,
                            "top": 553.287,
                            "right": 535.1098,
                            "bottom": 568.199
                        }
                    },
                    "line_10": {
                        "number": "12.3",
                        "bbox": {
                            "left": 50.4842,
                            "top": 606.041,
                            "right": 535.1098,
                            "bottom": 620.952
                        }
                    }
                },
                "footer": {
                    "page_number": {
                        "number": "2",
                        "bbox": {
                            "left": 164.982,
                            "top": 804.0785,
                            "right": 191.5136,
                            "bottom": 815.0785
                        }
                    },
                    "bulletin_number": {
                        "number": "6391122-3690641-5274319/1-71",
                        "bbox": {
                            "left": 191.5136,
                            "top": 804.0785,
                            "right": 430.298,
                            "bottom": 815.0785
                        }
                    }
                }
            },
            "page_3": {
                "bbox": {
                    "left": 0,
                    "top": 0,
                    "right": 595.28,
                    "bottom": 841.89
                },
                "markers": {
                    "marker_1": {
                        "number": "I3",
                        "bbox": {
                            "left": 42.52,
                            "top": 25.512,
                            "right": 50.02,
                            "bottom": 33.012
                        }
                    },
                    "marker_2": {
                        "number": "I4",
                        "bbox": {
                            "left": 545.26,
                            "top": 25.512,
                            "right": 552.76,
                            "bottom": 33.012
                        }
                    },
                    "marker_3": {
                        "number": "I4",
                        "bbox": {
                            "left": 42.52,
                            "top": 808.8785,
                            "right": 50.02,
                            "bottom": 816.3785
                        }
                    },
                    "marker_4": {
                        "number": "I4",
                        "bbox": {
                            "left": 545.26,
                            "top": 808.8785,
                            "right": 552.76,
                            "bottom": 816.3785
                        }
                    }
                },
                "question_lines": {},
                "footer": {
                    "page_number": {
                        "number": "3",
                        "bbox": {
                            "left": 164.982,
                            "top": 804.0785,
                            "right": 191.5136,
                            "bottom": 815.0785
                        }
                    },
                    "bulletin_number": {
                        "number": "6391122-3690641-5274319/1-71",
                        "bbox": {
                            "left": 191.5136,
                            "top": 804.0785,
                            "right": 430.298,
                            "bottom": 815.0785
                        }
                    }
                }
            }
        }
    }
}